insert into singer (singer_id , singer_name)
values 
	(1,'John Mayer'),
	(2, 'Keane'),
	(3, 'Eva Cassidy'),
	(4, 'Mgzavrebi'),
	(5, 'Alicia Keys'),
	(6,'Alan Price'),
	(7, 'Joss Stone'),
	(8, 'Noel Gallagher');

insert into music_style (music_style_id, music_style_name)
values 
	(1, 'British Rock'),
	(2,'Folk'),
	(3,'Pop'),
	(4, 'Rock'),
	(5, 'Pop-Rock'),
	(6,'R&B'),
	(7, 'Indie Rock');

insert into collection (collection_id, collection_name, collection_year)
values 
	(1, 'Rock it', 2018),
	(2, 'British', 2015),
	(3, 'Dance', 2013),
	(4, 'Mix 2000th', 2016),
	(5, 'Romantic', 2017),
	(6, 'Counrty-Village', 2010),
	(7, 'Girls Power', 2016),
	(8, 'Boys Power', 2020);
	
insert into album (album_id, album_name, album_year)
values 
	(1, 'Continum', 2006),
	(2, 'Mind, Body & Soul', 2020),
	(3, 'Under the iron sea', 2019),
	(4, 'Songbird', 1998),
	(5, 'In vino veritas', 2014),
	(6, 'Girl on fire', 2012),
	(7, 'The Dreams we have as  Children', 2018),
	(8, 'The brst of Alan Price', 1984);

insert into track (track_id, track_title, track_duration, album_id)
values 
	(1, 'Simon Smith ad his amaizong Dancing bear', 2, 8),
	(2, 'Jarrow song', 2, 8),
	(3, 'I put a spell on you', 3, 8),
	(4, 'Angel Eyes', 2, 8),
	(5, 'Just for you', 3, 8),
	(6, 'In time like these', 2, 8),
	(7, 'Too many people', 3,8),
	(8, 'Tikle me', 2, 8),
	(9, 'The house that Kack Built', 3, 8),
	(10, 'Dont stop me now', 2, 8),
	(11, 'Bearetootin', 1, 8),
	(12, 'Falling in live again', 2, 8),
	(13, 'Shame', 3, 8),
	(14, 'Cherie', 1, 8),
	(15, 'Hi Lilli Hi Lo', 2, 8),
	(16, 'De Novo Adagio', 2, 6),
	(17, 'Brand new me', 3, 6),
	(18, 'When its all over', 2, 6),
	(19, 'Listen to your heart', 3, 6),
	(20, 'New day', 2, 6),
	(21, 'Girl on fire', 1, 6),
	(22, 'Fire We Make', 1, 6),
	(23, 'Tears always win', 2, 6),
	(24, 'Not even the king', 3, 6),
	(25, 'Thats when i knew', 2, 6),
	(26, 'Limitealess', 3, 6),
	(27, 'One thing', 1, 6),
	(28, '101', 2, 6),
	(29, 'Girl  on fire (mix I)', 4, 6),
	(30, 'Girl  on fire (mix II)', 4, 6),
	(31, 'Fields of gold', 2, 4),
	(32, 'Wade in th water', 3, 4),
	(33, 'Autumn leaves', 3, 4),
	(34, 'Wayfaring Stranger', 2, 4),
	(35, 'Songbird', 2, 4),
	(36, 'Time is a healer', 3, 4),
	(37, 'I know you by heart', 4, 4),
	(38, 'People get ready', 2, 4),
	(39, 'Oh, had I a golden', 2, 4),
	(40, 'Over the rainbow', 2, 4),
	(41, 'Songbird (mix I)', 3, 4),
	(42, 'Songbird (mix II)', 3, 4),
	(43,'Songbird (studio)', 3, 4),
	(44, 'Songbird (folk)', 3, 4),
	(45, 'Filds of gold (mix I)', 3, 4),
	(46, 'Waiting on the word to change', 2, 1),
	(47, 'I dont trust myself', 3, 1),
	(48, 'Belief', 2, 1),
	(49, 'Gravity', 1, 1),
	(50, 'The heart of life', 3, 1),
	(52, 'Vuttures', 2, 1),
	(53, 'Slow dancing in the burning room', 2, 1),
	(54, 'Bold as love', 3, 1),
	(55, 'Dreaming with a broken heart', 3, 1),
	(56, 'In repar', 2, 1),
	(57, 'Im gonna find another you', 3, 1),
	(58, 'in repair (studio', 4, 1),
	(59, 'Grawity (mix)', 4, 1),
	(60, 'Belief (studio)', 4, 1),
	(61, 'atlantic', 2, 3),
	(62, 'is it any wonder', 2, 3),
	(63, 'nothng in my way', 3, 3),
	(64, 'leaving so soon', 2, 3),
	(65, 'a bad dream', 4, 3),
	(66, 'Hamburg song', 2, 3),
	(67, 'put in behind you', 2, 3),
	(68, 'cristal ball', 2, 3),
	(69, 'try agin', 3, 3),
	(70, 'broken toy', 2, 3),
	(71, 'the frog prince', 3, 3),
	(72, 'atlantic (studio)', 4, 3),
	(73, 'try again (studio)', 4, 3),
	(74, 'try again (mix)', 5, 3),
	(75, 'cristal ball (studio)', 4, 3),
	(76, 'mjera', 1, 5),
	(77, 'madatovi', 2, 5),
	(78, 'dzala ettobashia', 3, 5),
	(79, 'in vino veritas', 2, 5),
	(80, 'Прорвемся', 4, 5),
	(81, 'remdens', 2, 5),
	(82, 'minda gjrodes', 2, 5),
	(83, 'emigrantebi', 2, 5),
	(84, 'mgeli chven ras dagvasklebs', 3, 5),
	(85, 'isev da isev', 2, 5),
	(86, 'ar shegeshindes', 3, 5),
	(87, 'mjera (studio)', 4, 5),
	(88, 'madatobi (studio)', 4, 5),
	(89, 'in vino veritas (studio)', 4, 5),
	(90, 'in vino veritas (mix)', 5, 5),
	(91, 'right to be wrong', 2, 2),
	(92, 'jet lag', 2, 2),
	(93, 'you had me', 2, 2),
	(94, 'spoiled', 3, 2),
	(95, 'dont cha wanna ride', 3, 2),
	(96, 'less is more', 2, 2),
	(97, 'security', 2, 2),
	(98, 'young at heart', 3, 2),
	(99, 'snakes and ladders', 2, 2),
	(100, 'Understand', 3, 2),
	(101, 'dont know how', 3, 2),
	(102, 'torn & tattered', 2, 2),
	(103, 'killing time', 3, 2),
	(104, 'sleep like a child', 2, 2),
	(105, 'killing time (studio)', 4, 2),
	(106, '(its good) to be free', 3, 7),
	(107, 'cast no shadow', 2, 7),
	(108, 'wnderland', 3, 7),
	(109, 'dont look back in anger', 3, 7),
	(110, 'talk tonight', 5, 7),
	(111, 'fade away', 4, 7),
	(112, 'half the world away', 5, 7),
	(113, 'the importance of being idle', 4, 7),
	(114, 'the butterfly collection', 4, 7),
	(115, 'all you need is love', 2, 7),
	(116, 'dont go away', 2, 7),
	(117, 'listen up', 2, 7),
	(118, 'sad song', 3, 7),
	(119, 'slide away', 2, 7),
	(120, 'there is a light that never goes', 4, 7),
	(121, 'married with child', 4, 7);

insert into singerstyle (singer_id, music_style_id)
values 
	(1, 4),
	(2, 7),
	(3, 2),
	(4, 5),
	(5, 6),
	(6, 4),
	(7, 6),
	(8, 1);
	
insert into singeralbum (singer_id, album_id)
values 
	(1, 1),
	(2, 3),
	(3, 4),
	(4, 5),
	(5, 6),
	(6, 8),
	(7, 2),
	(8, 7);
	
insert into collectiontrack (collection_id, track_id)
values 
	(1, 3),
	(1, 5),
	(1, 47),
	(1, 56),
	(1, 55),
	(1, 61),
	(1, 68),
	(1, 103),
	(1, 111),
	(1, 121),
	(2, 115),
	(2, 117),
	(2, 118),
	(2, 119),
	(2, 64),
	(2, 66),
	(2, 70),
	(2, 72),
	(2, 61),
	(2, 65),
	(3, 18),
	(3, 20),
	(3, 21),
	(3, 27),
	(3, 25),
	(3, 92),
	(3, 95),
	(3, 100),
	(3, 103),
	(3, 104),
	(4, 90),
	(4, 47),
	(4, 48),
	(4, 49),
	(4, 50),
	(4, 98),
	(4, 99),
	(4, 28),
	(4, 27),
	(4, 83),
	(5, 36),
	(5, 37),
	(5, 38),
	(5, 39),
	(5, 41),
	(5, 83),
	(5, 88),
	(5, 79),
	(5, 81),
	(5, 77),
	(6, 5),
	(6, 13),
	(6, 10),
	(6, 19),
	(6, 22),
	(6, 121),
	(6, 115),
	(6, 49),
	(6, 54),
	(6, 33),
	(7, 21),
	(7, 22),
	(7, 23),
	(7, 24),
	(7, 39),
	(7, 40),
	(7, 41),
	(7, 103),
	(7, 98),
	(7, 99),
	(8, 1),
	(8, 2),
	(8, 3),
	(8, 4),
	(8, 106),
	(8, 107),
	(8, 108),
	(8, 70),
	(8, 69),
	(8, 68);
